CPI for All Urban Consumers (CPI-U),,,,,,,,,,,,,,
Original Data Value,,,,,,,,,,,,,,
,,,,,,,,,,,,,,
Series Id:,CUSR0000SA0,,,,,,,,,,,,,
Seasonally Adjusted,,,,,,,,,,,,,,
Series Title:,"All items in U.S. city average, all urban consumers, seasonally adjusted",,,,,,,,,,,,,
Area:,U.S. city average,,,,,,,,,,,,,
Item:,All items,,,,,,,,,,,,,
Base Period:,1982-84=100,,,,,,,,,,,,,
Years:,2020 to 2021,,,,,,,,,,,,,
,,,,,,,,,,,,,,
Year,Jan,Feb,Mar,Apr,May,Jun,Jul,Aug,Sep,Oct,Nov,Dec,HALF1,HALF2
2020,258.682,259.007,258.165,256.094,255.944,257.217,258.543,259.580,260.190,260.352,260.721,261.564,,
2021,262.200,263.346,265.028,266.727,268.599,270.955,272.184,273.092,274.214,276.590,278.524,280.126,,